Country	Region	NumberOfBooks	Gender	meanScore
Albania	EASTERN EUROPE	26-100 books	Male	392.4697185858586
Albania	EASTERN EUROPE	More than 500 books	Male	436.8382411764706
Albania	EASTERN EUROPE	26-100 books	Female	395.6310437641723
Albania	EASTERN EUROPE	More than 500 books	Female	426.9007322580645
Albania	EASTERN EUROPE	11-25 books	Female	395.6993865905849
Albania	EASTERN EUROPE	11-25 books	Male	392.0042736762481
Albania	EASTERN EUROPE	201-500 books	Male	388.2123737704918
Albania	EASTERN EUROPE	0-10 books	Male	399.49376204819276
Albania	EASTERN EUROPE	101-200 books	Female	407.30841343283583
Albania	EASTERN EUROPE	0-10 books	Female	385.86955130813953
Albania	EASTERN EUROPE	201-500 books	Female	387.0559641509434
Albania	EASTERN EUROPE	101-200 books	Male	397.45015634920634
Argentina	LATIN AMER. & CARIB	101-200 books	Female	436.3860213559322
Argentina	LATIN AMER. & CARIB	0-10 books	Female	355.80387415599535
Argentina	LATIN AMER. & CARIB	11-25 books	Male	398.36839985652796
Argentina	LATIN AMER. & CARIB	0-10 books	Male	370.9091457204767
Argentina	LATIN AMER. & CARIB	201-500 books	Male	463.7602
Argentina	LATIN AMER. & CARIB	26-100 books	Male	429.7920351432881
Argentina	LATIN AMER. & CARIB	101-200 books	Male	447.771705982906
Argentina	LATIN AMER. & CARIB	11-25 books	Female	378.2731904466501
Argentina	LATIN AMER. & CARIB	More than 500 books	Female	420.20153684210527
Argentina	LATIN AMER. & CARIB	26-100 books	Female	406.6560848699764
Argentina	LATIN AMER. & CARIB	More than 500 books	Male	439.1037284090909
Argentina	LATIN AMER. & CARIB	201-500 books	Female	457.3250679738562
Australia	OCEANIA	201-500 books	Female	533.9700306024097
Australia	OCEANIA	201-500 books	Male	549.499472845953
Australia	OCEANIA	11-25 books	Male	462.1029908119658
Australia	OCEANIA	101-200 books	Male	521.2380627306273
Australia	OCEANIA	26-100 books	Female	483.0779887199608
Australia	OCEANIA	0-10 books	Male	430.15141740088103
Australia	OCEANIA	More than 500 books	Female	534.5515599343186
Australia	OCEANIA	26-100 books	Male	497.87616123006836
Australia	OCEANIA	0-10 books	Female	420.2989611192931
Australia	OCEANIA	11-25 books	Female	439.65340055679286
Australia	OCEANIA	More than 500 books	Male	545.4994155145929
Australia	OCEANIA	101-200 books	Female	502.66586610761703
Austria	WESTERN EUROPE	101-200 books	Male	542.5219686567165
Austria	WESTERN EUROPE	101-200 books	Female	520.3258498896247
Austria	WESTERN EUROPE	11-25 books	Female	448.1732884955752
Austria	WESTERN EUROPE	0-10 books	Female	419.92830403225804
Austria	WESTERN EUROPE	More than 500 books	Male	572.7892718894009
Austria	WESTERN EUROPE	26-100 books	Male	521.9686196301565
Austria	WESTERN EUROPE	26-100 books	Female	493.19698406432747
Austria	WESTERN EUROPE	11-25 books	Male	487.46610407124683
Austria	WESTERN EUROPE	More than 500 books	Female	549.3480607594937
Austria	WESTERN EUROPE	201-500 books	Female	537.9477918032787
Austria	WESTERN EUROPE	0-10 books	Male	450.03745082417583
Austria	WESTERN EUROPE	201-500 books	Male	577.1980099041533
Belgium	WESTERN EUROPE	More than 500 books	Male	558.8775689189189
Belgium	WESTERN EUROPE	201-500 books	Male	565.4517148897058
Belgium	WESTERN EUROPE	11-25 books	Female	489.36717352112674
Belgium	WESTERN EUROPE	0-10 books	Male	467.3488112021858
Belgium	WESTERN EUROPE	More than 500 books	Female	561.7034456026058
Belgium	WESTERN EUROPE	11-25 books	Male	505.65213551263
Belgium	WESTERN EUROPE	101-200 books	Male	545.9140946070878
Belgium	WESTERN EUROPE	0-10 books	Female	453.7503508885299
Belgium	WESTERN EUROPE	201-500 books	Female	560.7032663101604
Belgium	WESTERN EUROPE	101-200 books	Female	537.0530099075297
Belgium	WESTERN EUROPE	26-100 books	Male	531.2050099173554
Belgium	WESTERN EUROPE	26-100 books	Female	522.3108854604201
Brazil	LATIN AMER. & CARIB	More than 500 books	Male	407.1097516666667
Brazil	LATIN AMER. & CARIB	101-200 books	Male	421.45107270471465
Brazil	LATIN AMER. & CARIB	101-200 books	Female	408.8707421663443
Brazil	LATIN AMER. & CARIB	0-10 books	Male	381.6795812419146
Brazil	LATIN AMER. & CARIB	26-100 books	Male	417.5947210626186
Brazil	LATIN AMER. & CARIB	11-25 books	Male	388.21872688787187
Brazil	LATIN AMER. & CARIB	0-10 books	Female	365.69498387423937
Brazil	LATIN AMER. & CARIB	201-500 books	Female	428.0820387559809
Brazil	LATIN AMER. & CARIB	11-25 books	Female	368.417183972468
Brazil	LATIN AMER. & CARIB	More than 500 books	Female	374.70717109375
Brazil	LATIN AMER. & CARIB	201-500 books	Male	432.82468431372547
Brazil	LATIN AMER. & CARIB	26-100 books	Female	389.01403293499044
Bulgaria	EASTERN EUROPE	11-25 books	Male	433.59518025477706
Bulgaria	EASTERN EUROPE	0-10 books	Male	386.21510347129504
Bulgaria	EASTERN EUROPE	More than 500 books	Female	485.97672615384613
Bulgaria	EASTERN EUROPE	101-200 books	Female	480.41929253012046
Bulgaria	EASTERN EUROPE	0-10 books	Female	374.56794981549814
Bulgaria	EASTERN EUROPE	26-100 books	Female	455.5638856944444
Bulgaria	EASTERN EUROPE	201-500 books	Female	508.0951
Bulgaria	EASTERN EUROPE	11-25 books	Female	428.0897947712418
Bulgaria	EASTERN EUROPE	101-200 books	Male	485.73612997032643
Bulgaria	EASTERN EUROPE	More than 500 books	Male	486.80503454545453
Bulgaria	EASTERN EUROPE	26-100 books	Male	470.4032941964286
Bulgaria	EASTERN EUROPE	201-500 books	Male	501.4488240740741
Canada	NORTHERN AMERICA	26-100 books	Female	501.25309314859925
Canada	NORTHERN AMERICA	201-500 books	Male	558.9001121403509
Canada	NORTHERN AMERICA	101-200 books	Male	536.4943922919857
Canada	NORTHERN AMERICA	201-500 books	Female	539.398251647758
Canada	NORTHERN AMERICA	More than 500 books	Female	547.9670582222222
Canada	NORTHERN AMERICA	26-100 books	Male	514.8994545652174
Canada	NORTHERN AMERICA	11-25 books	Male	487.4573779421222
Canada	NORTHERN AMERICA	0-10 books	Female	453.3624284903519
Canada	NORTHERN AMERICA	11-25 books	Female	469.99195730103804
Canada	NORTHERN AMERICA	101-200 books	Female	516.0576624184428
Canada	NORTHERN AMERICA	0-10 books	Male	459.45366926605504
Canada	NORTHERN AMERICA	More than 500 books	Male	552.2887519329897
Chile	LATIN AMER. & CARIB	26-100 books	Male	479.67466805696847
Chile	LATIN AMER. & CARIB	0-10 books	Female	383.2747901197605
Chile	LATIN AMER. & CARIB	101-200 books	Male	499.36269689922483
Chile	LATIN AMER. & CARIB	11-25 books	Male	435.3040748510131
Chile	LATIN AMER. & CARIB	More than 500 books	Male	519.5242719298245
Chile	LATIN AMER. & CARIB	201-500 books	Male	531.7791055299539
Chile	LATIN AMER. & CARIB	26-100 books	Female	444.2245344664778
Chile	LATIN AMER. & CARIB	11-25 books	Female	401.84919891891894
Chile	LATIN AMER. & CARIB	More than 500 books	Female	511.730125862069
Chile	LATIN AMER. & CARIB	0-10 books	Male	407.37040208044385
Chile	LATIN AMER. & CARIB	201-500 books	Female	513.8795260162601
Chile	LATIN AMER. & CARIB	101-200 books	Female	469.97028528037384
Colombia	LATIN AMER. & CARIB	26-100 books	Female	394.509211634103
Colombia	LATIN AMER. & CARIB	0-10 books	Female	351.35569691928526
Colombia	LATIN AMER. & CARIB	11-25 books	Female	372.1722822178478
Colombia	LATIN AMER. & CARIB	0-10 books	Male	377.7499248266297
Colombia	LATIN AMER. & CARIB	201-500 books	Male	471.74156666666664
Colombia	LATIN AMER. & CARIB	101-200 books	Male	438.44919790940764
Colombia	LATIN AMER. & CARIB	101-200 books	Female	411.52844049295777
Colombia	LATIN AMER. & CARIB	More than 500 books	Female	403.5796472222222
Colombia	LATIN AMER. & CARIB	201-500 books	Female	430.2526461538462
Colombia	LATIN AMER. & CARIB	More than 500 books	Male	425.18346756756756
Colombia	LATIN AMER. & CARIB	11-25 books	Male	396.96727424242425
Colombia	LATIN AMER. & CARIB	26-100 books	Male	428.1638357833656
Costa Rica	LATIN AMER. & CARIB	11-25 books	Female	400.33094835526316
Costa Rica	LATIN AMER. & CARIB	26-100 books	Male	439.1357187935035
Costa Rica	LATIN AMER. & CARIB	More than 500 books	Female	451.82661
Costa Rica	LATIN AMER. & CARIB	101-200 books	Female	435.5322056737589
Costa Rica	LATIN AMER. & CARIB	0-10 books	Female	377.79397049335864
Costa Rica	LATIN AMER. & CARIB	More than 500 books	Male	480.1852666666667
Costa Rica	LATIN AMER. & CARIB	26-100 books	Female	413.5574400423729
Costa Rica	LATIN AMER. & CARIB	0-10 books	Male	400.4668359600444
Costa Rica	LATIN AMER. & CARIB	11-25 books	Male	423.34344504672896
Costa Rica	LATIN AMER. & CARIB	201-500 books	Female	451.2139641509434
Costa Rica	LATIN AMER. & CARIB	101-200 books	Male	461.9103246031746
Costa Rica	LATIN AMER. & CARIB	201-500 books	Male	502.37197027027025
Croatia	EASTERN EUROPE	11-25 books	Female	445.62543990066223
Croatia	EASTERN EUROPE	11-25 books	Male	462.72023338582676
Croatia	EASTERN EUROPE	101-200 books	Female	498.28745035714286
Croatia	EASTERN EUROPE	More than 500 books	Female	512.4522492063492
Croatia	EASTERN EUROPE	More than 500 books	Male	501.44325857142854
Croatia	EASTERN EUROPE	201-500 books	Female	519.0396745562131
Croatia	EASTERN EUROPE	101-200 books	Male	518.7866729166667
Croatia	EASTERN EUROPE	201-500 books	Male	545.8009893129771
Croatia	EASTERN EUROPE	26-100 books	Male	497.7092146853147
Croatia	EASTERN EUROPE	0-10 books	Male	438.5854160283688
Croatia	EASTERN EUROPE	0-10 books	Female	424.78494234693875
Croatia	EASTERN EUROPE	26-100 books	Female	479.8319861618799
Czech Republic	EASTERN EUROPE	0-10 books	Female	415.6819502590674
Czech Republic	EASTERN EUROPE	More than 500 books	Male	592.4205041284404
Czech Republic	EASTERN EUROPE	201-500 books	Male	590.0142286096257
Czech Republic	EASTERN EUROPE	201-500 books	Female	560.5295004048583
Czech Republic	EASTERN EUROPE	26-100 books	Female	493.3413815972222
Czech Republic	EASTERN EUROPE	11-25 books	Male	472.8430313351499
Czech Republic	EASTERN EUROPE	0-10 books	Male	447.4272458064516
Czech Republic	EASTERN EUROPE	101-200 books	Female	532.2102037366548
Czech Republic	EASTERN EUROPE	11-25 books	Female	457.9589766037736
Czech Republic	EASTERN EUROPE	More than 500 books	Female	579.7969567375886
Czech Republic	EASTERN EUROPE	26-100 books	Male	519.8043060465117
Czech Republic	EASTERN EUROPE	101-200 books	Male	549.8546745379876
Denmark	WESTERN EUROPE	101-200 books	Male	528.6219088461538
Denmark	WESTERN EUROPE	0-10 books	Female	424.86549069373945
Denmark	WESTERN EUROPE	More than 500 books	Female	546.9556579399142
Denmark	WESTERN EUROPE	More than 500 books	Male	546.7382584158415
Denmark	WESTERN EUROPE	11-25 books	Male	465.6309203100775
Denmark	WESTERN EUROPE	101-200 books	Female	507.564396302521
Denmark	WESTERN EUROPE	26-100 books	Male	499.53913754355403
Denmark	WESTERN EUROPE	11-25 books	Female	447.42620227272727
Denmark	WESTERN EUROPE	201-500 books	Male	542.1423324808184
Denmark	WESTERN EUROPE	0-10 books	Male	445.8461504672897
Denmark	WESTERN EUROPE	26-100 books	Female	477.0338377817854
Denmark	WESTERN EUROPE	201-500 books	Female	532.6970402862986
Estonia	BALTICS	201-500 books	Male	569.6427269333333
Estonia	BALTICS	201-500 books	Female	552.2274672169812
Estonia	BALTICS	11-25 books	Male	488.7824577259475
Estonia	BALTICS	101-200 books	Male	540.7479317982456
Estonia	BALTICS	26-100 books	Male	516.7268852054794
Estonia	BALTICS	0-10 books	Female	463.45091707317073
Estonia	BALTICS	11-25 books	Female	476.00157431506847
Estonia	BALTICS	26-100 books	Female	506.65696456185566
Estonia	BALTICS	More than 500 books	Male	559.6661164893617
Estonia	BALTICS	0-10 books	Male	472.98434163090127
Estonia	BALTICS	101-200 books	Female	533.536671686747
Estonia	BALTICS	More than 500 books	Female	575.1544197368421
Finland	WESTERN EUROPE	11-25 books	Female	462.6502535008977
Finland	WESTERN EUROPE	0-10 books	Female	438.6160452777778
Finland	WESTERN EUROPE	11-25 books	Male	475.1719880368098
Finland	WESTERN EUROPE	101-200 books	Male	533.9991483375959
Finland	WESTERN EUROPE	101-200 books	Female	525.3463605619147
Finland	WESTERN EUROPE	201-500 books	Female	551.9744065384615
Finland	WESTERN EUROPE	More than 500 books	Male	572.3904724444444
Finland	WESTERN EUROPE	0-10 books	Male	453.0794585227273
Finland	WESTERN EUROPE	More than 500 books	Female	565.2226720136518
Finland	WESTERN EUROPE	26-100 books	Female	495.6132367198839
Finland	WESTERN EUROPE	201-500 books	Male	559.1100183274021
Finland	WESTERN EUROPE	26-100 books	Male	507.78449588607594
France	WESTERN EUROPE	26-100 books	Male	508.62273166089966
France	WESTERN EUROPE	26-100 books	Female	494.2573134932534
France	WESTERN EUROPE	More than 500 books	Male	572.0151456953643
France	WESTERN EUROPE	101-200 books	Female	526.1029011286681
France	WESTERN EUROPE	201-500 books	Male	578.9448212765957
France	WESTERN EUROPE	201-500 books	Female	564.1024198697069
France	WESTERN EUROPE	0-10 books	Female	418.7799123167155
France	WESTERN EUROPE	More than 500 books	Female	562.4211583333333
France	WESTERN EUROPE	101-200 books	Male	549.2336956395349
France	WESTERN EUROPE	0-10 books	Male	435.5287866983373
France	WESTERN EUROPE	11-25 books	Male	474.42498693333334
France	WESTERN EUROPE	11-25 books	Female	453.02651718377086
Germany	WESTERN EUROPE	0-10 books	Female	406.8219111111111
Germany	WESTERN EUROPE	11-25 books	Male	487.17172
Germany	WESTERN EUROPE	0-10 books	Male	440.94563039999997
Germany	WESTERN EUROPE	26-100 books	Female	498.93638907563025
Germany	WESTERN EUROPE	11-25 books	Female	455.60984214559386
Germany	WESTERN EUROPE	More than 500 books	Male	581.2091118942732
Germany	WESTERN EUROPE	101-200 books	Female	526.7097330296127
Germany	WESTERN EUROPE	More than 500 books	Female	569.7255559633028
Germany	WESTERN EUROPE	26-100 books	Male	523.9686385416667
Germany	WESTERN EUROPE	201-500 books	Male	578.2649653125
Germany	WESTERN EUROPE	201-500 books	Female	558.4293926713948
Germany	WESTERN EUROPE	101-200 books	Male	547.426698783455
Greece	WESTERN EUROPE	101-200 books	Female	467.58271286681713
Greece	WESTERN EUROPE	More than 500 books	Male	501.930208
Greece	WESTERN EUROPE	201-500 books	Male	514.0030286919831
Greece	WESTERN EUROPE	11-25 books	Female	421.5703923395445
Greece	WESTERN EUROPE	26-100 books	Female	448.40199778037385
Greece	WESTERN EUROPE	101-200 books	Male	483.1667627039627
Greece	WESTERN EUROPE	0-10 books	Male	403.41618739255017
Greece	WESTERN EUROPE	26-100 books	Male	467.07611553637486
Greece	WESTERN EUROPE	201-500 books	Female	490.420919941349
Greece	WESTERN EUROPE	0-10 books	Female	393.4178493975904
Greece	WESTERN EUROPE	More than 500 books	Female	492.59010380434785
Greece	WESTERN EUROPE	11-25 books	Male	425.8159264413519
Hungary	EASTERN EUROPE	101-200 books	Female	497.4688487341772
Hungary	EASTERN EUROPE	101-200 books	Male	510.31836197916664
Hungary	EASTERN EUROPE	More than 500 books	Female	538.9856800925926
Hungary	EASTERN EUROPE	11-25 books	Female	423.05520323741007
Hungary	EASTERN EUROPE	0-10 books	Male	404.6852335968379
Hungary	EASTERN EUROPE	0-10 books	Female	384.3871406392694
Hungary	EASTERN EUROPE	More than 500 books	Male	563.263254674221
Hungary	EASTERN EUROPE	11-25 books	Male	440.0715801948052
Hungary	EASTERN EUROPE	201-500 books	Female	512.4718754060325
Hungary	EASTERN EUROPE	201-500 books	Male	531.5988832369942
Hungary	EASTERN EUROPE	26-100 books	Female	464.06349985007495
Hungary	EASTERN EUROPE	26-100 books	Male	485.50541277310924
Iceland	WESTERN EUROPE	26-100 books	Female	479.0849112033195
Iceland	WESTERN EUROPE	0-10 books	Female	425.2956273809524
Iceland	WESTERN EUROPE	0-10 books	Male	425.5980090909091
Iceland	WESTERN EUROPE	11-25 books	Female	442.78072883435584
Iceland	WESTERN EUROPE	201-500 books	Male	535.8905879084967
Iceland	WESTERN EUROPE	26-100 books	Male	481.49106812386157
Iceland	WESTERN EUROPE	11-25 books	Male	442.2480146666667
Iceland	WESTERN EUROPE	More than 500 books	Male	519.3119958333333
Iceland	WESTERN EUROPE	201-500 books	Female	526.1574812664908
Iceland	WESTERN EUROPE	More than 500 books	Female	538.8123535135135
Iceland	WESTERN EUROPE	101-200 books	Female	508.59488172588834
Iceland	WESTERN EUROPE	101-200 books	Male	500.47767043879907
Indonesia	ASIA (EX. NEAR EAST)	More than 500 books	Female	374.32322153846155
Indonesia	ASIA (EX. NEAR EAST)	11-25 books	Female	365.7099562193928
Indonesia	ASIA (EX. NEAR EAST)	101-200 books	Female	386.43401202185794
Indonesia	ASIA (EX. NEAR EAST)	101-200 books	Male	398.75985617283953
Indonesia	ASIA (EX. NEAR EAST)	201-500 books	Male	406.16585428571426
Indonesia	ASIA (EX. NEAR EAST)	More than 500 books	Male	382.71261139240505
Indonesia	ASIA (EX. NEAR EAST)	11-25 books	Male	369.75955163528243
Indonesia	ASIA (EX. NEAR EAST)	0-10 books	Male	366.2420254985755
Indonesia	ASIA (EX. NEAR EAST)	26-100 books	Female	387.81294454664913
Indonesia	ASIA (EX. NEAR EAST)	26-100 books	Male	395.83803298350824
Indonesia	ASIA (EX. NEAR EAST)	0-10 books	Female	367.99391532846715
Indonesia	ASIA (EX. NEAR EAST)	201-500 books	Female	414.37297594936706
Ireland	WESTERN EUROPE	201-500 books	Male	560.1843381381382
Ireland	WESTERN EUROPE	11-25 books	Male	479.52518596059116
Ireland	WESTERN EUROPE	201-500 books	Female	538.2885525179856
Ireland	WESTERN EUROPE	26-100 books	Female	488.4582695187166
Ireland	WESTERN EUROPE	More than 500 books	Female	554.6000526011561
Ireland	WESTERN EUROPE	0-10 books	Female	417.8635662162162
Ireland	WESTERN EUROPE	0-10 books	Male	442.1853497340426
Ireland	WESTERN EUROPE	26-100 books	Male	507.4504862660944
Ireland	WESTERN EUROPE	11-25 books	Female	456.0963214285714
Ireland	WESTERN EUROPE	101-200 books	Male	538.9765945945946
Ireland	WESTERN EUROPE	More than 500 books	Male	561.0961885057471
Ireland	WESTERN EUROPE	101-200 books	Female	514.979961508704
Israel	NEAR EAST	0-10 books	Male	412.3524278195489
Israel	NEAR EAST	101-200 books	Male	497.1819856041131
Israel	NEAR EAST	11-25 books	Female	421.5354972727273
Israel	NEAR EAST	More than 500 books	Female	496.6499016447368
Israel	NEAR EAST	11-25 books	Male	452.84279065155806
Israel	NEAR EAST	201-500 books	Female	497.9581115196078
Israel	NEAR EAST	0-10 books	Female	409.8159553113553
Israel	NEAR EAST	More than 500 books	Male	520.3562436123348
Israel	NEAR EAST	26-100 books	Male	482.0128598425197
Israel	NEAR EAST	201-500 books	Male	527.006517472119
Israel	NEAR EAST	101-200 books	Female	481.90439474835887
Israel	NEAR EAST	26-100 books	Female	463.1410467800729
Italy	WESTERN EUROPE	0-10 books	Male	444.39567760910813
Italy	WESTERN EUROPE	26-100 books	Male	503.4038325581395
Italy	WESTERN EUROPE	201-500 books	Male	548.7976780295047
Italy	WESTERN EUROPE	26-100 books	Female	482.04353
Italy	WESTERN EUROPE	101-200 books	Female	502.95874863201095
Italy	WESTERN EUROPE	101-200 books	Male	529.1876015373078
Italy	WESTERN EUROPE	More than 500 books	Female	524.9730984020185
Italy	WESTERN EUROPE	201-500 books	Female	519.0379527921164
Italy	WESTERN EUROPE	More than 500 books	Male	539.4447899318698
Italy	WESTERN EUROPE	0-10 books	Female	421.4939638366818
Italy	WESTERN EUROPE	11-25 books	Male	471.5537516620499
Italy	WESTERN EUROPE	11-25 books	Female	448.08001601343784
Japan	ASIA (EX. NEAR EAST)	More than 500 books	Female	554.3239214611872
Japan	ASIA (EX. NEAR EAST)	More than 500 books	Male	573.9698136807817
Japan	ASIA (EX. NEAR EAST)	26-100 books	Male	548.7747451523546
Japan	ASIA (EX. NEAR EAST)	11-25 books	Female	506.7988089156627
Japan	ASIA (EX. NEAR EAST)	26-100 books	Female	529.242576936937
Japan	ASIA (EX. NEAR EAST)	101-200 books	Male	553.2533006201551
Japan	ASIA (EX. NEAR EAST)	101-200 books	Female	539.92769038817
Japan	ASIA (EX. NEAR EAST)	0-10 books	Male	486.4672099630996
Japan	ASIA (EX. NEAR EAST)	201-500 books	Male	576.126106043956
Japan	ASIA (EX. NEAR EAST)	201-500 books	Female	555.3625557544757
Japan	ASIA (EX. NEAR EAST)	11-25 books	Male	523.4549987277354
Japan	ASIA (EX. NEAR EAST)	0-10 books	Female	464.6855322368421
Jordan	NEAR EAST	26-100 books	Male	394.27208659658345
Jordan	NEAR EAST	0-10 books	Male	360.03802968906723
Jordan	NEAR EAST	101-200 books	Male	406.93866392857143
Jordan	NEAR EAST	0-10 books	Female	378.8900384823848
Jordan	NEAR EAST	101-200 books	Female	418.0561701694915
Jordan	NEAR EAST	26-100 books	Female	407.4766658198614
Jordan	NEAR EAST	11-25 books	Male	372.406797012987
Jordan	NEAR EAST	201-500 books	Female	410.49763430656935
Jordan	NEAR EAST	More than 500 books	Female	406.25065037593987
Jordan	NEAR EAST	201-500 books	Male	433.5480219298246
Jordan	NEAR EAST	More than 500 books	Male	378.4028726775956
Jordan	NEAR EAST	11-25 books	Female	392.57806282828284
Kazakhstan	C.W. OF IND. STATES	26-100 books	Male	445.54381724581725
Kazakhstan	C.W. OF IND. STATES	101-200 books	Male	459.13439240924095
Kazakhstan	C.W. OF IND. STATES	11-25 books	Male	416.0696951080774
Kazakhstan	C.W. OF IND. STATES	More than 500 books	Female	446.1758603773585
Kazakhstan	C.W. OF IND. STATES	26-100 books	Female	439.65138955078123
Kazakhstan	C.W. OF IND. STATES	0-10 books	Male	412.8026042519685
Kazakhstan	C.W. OF IND. STATES	More than 500 books	Male	460.16727692307694
Kazakhstan	C.W. OF IND. STATES	11-25 books	Female	415.0256123039807
Kazakhstan	C.W. OF IND. STATES	101-200 books	Female	444.5587021538461
Kazakhstan	C.W. OF IND. STATES	201-500 books	Male	462.52398514285716
Kazakhstan	C.W. OF IND. STATES	0-10 books	Female	413.4640165501165
Kazakhstan	C.W. OF IND. STATES	201-500 books	Female	462.169429245283
Latvia	BALTICS	101-200 books	Male	518.5460351351352
Latvia	BALTICS	11-25 books	Male	465.1760855555556
Latvia	BALTICS	101-200 books	Female	517.286986835443
Latvia	BALTICS	26-100 books	Male	496.34626270053474
Latvia	BALTICS	11-25 books	Female	458.8231804945055
Latvia	BALTICS	201-500 books	Male	537.9096955645161
Latvia	BALTICS	More than 500 books	Male	525.1619071428571
Latvia	BALTICS	201-500 books	Female	538.8695073954984
Latvia	BALTICS	0-10 books	Female	452.25136428571426
Latvia	BALTICS	0-10 books	Male	445.5292949579832
Latvia	BALTICS	More than 500 books	Female	530.7753972826087
Latvia	BALTICS	26-100 books	Female	488.84723232462176
Liechtenstein	WESTERN EUROPE	26-100 books	Male	541.4122125
Liechtenstein	WESTERN EUROPE	0-10 books	Male	481.5253222222222
Liechtenstein	WESTERN EUROPE	0-10 books	Female	431.78583333333336
Liechtenstein	WESTERN EUROPE	11-25 books	Male	521.3214625
Liechtenstein	WESTERN EUROPE	26-100 books	Female	526.9324292682927
Liechtenstein	WESTERN EUROPE	More than 500 books	Female	584.0132153846154
Liechtenstein	WESTERN EUROPE	101-200 books	Female	509.6166794871795
Liechtenstein	WESTERN EUROPE	201-500 books	Male	611.4843727272728
Liechtenstein	WESTERN EUROPE	More than 500 books	Male	567.0061375
Liechtenstein	WESTERN EUROPE	201-500 books	Female	568.856125
Liechtenstein	WESTERN EUROPE	11-25 books	Female	498.699175
Liechtenstein	WESTERN EUROPE	101-200 books	Male	574.3703606060606
Lithuania	BALTICS	11-25 books	Male	459.5978629489603
Lithuania	BALTICS	11-25 books	Female	446.0845031862745
Lithuania	BALTICS	101-200 books	Female	511.61021666666664
Lithuania	BALTICS	201-500 books	Female	526.4743852112676
Lithuania	BALTICS	101-200 books	Male	520.9870064935064
Lithuania	BALTICS	201-500 books	Male	531.6850362573099
Lithuania	BALTICS	0-10 books	Female	417.9269429906542
Lithuania	BALTICS	0-10 books	Male	425.56946286919833
Lithuania	BALTICS	More than 500 books	Male	498.59517837837836
Lithuania	BALTICS	More than 500 books	Female	515.1217319672131
Lithuania	BALTICS	26-100 books	Female	483.4330542199489
Lithuania	BALTICS	26-100 books	Male	496.23584803370784
Luxembourg	WESTERN EUROPE	201-500 books	Male	551.0528544364508
Luxembourg	WESTERN EUROPE	101-200 books	Female	487.41211741935484
Luxembourg	WESTERN EUROPE	26-100 books	Male	483.5528915721232
Luxembourg	WESTERN EUROPE	201-500 books	Female	524.6638651020409
Luxembourg	WESTERN EUROPE	101-200 books	Male	519.0946866197183
Luxembourg	WESTERN EUROPE	More than 500 books	Male	555.1018170081967
Luxembourg	WESTERN EUROPE	More than 500 books	Female	536.0192718826406
Luxembourg	WESTERN EUROPE	26-100 books	Female	455.9102917557252
Luxembourg	WESTERN EUROPE	0-10 books	Male	431.8329856338028
Luxembourg	WESTERN EUROPE	11-25 books	Female	424.05964363057325
Luxembourg	WESTERN EUROPE	11-25 books	Male	458.3351362459547
Luxembourg	WESTERN EUROPE	0-10 books	Female	388.70132683982683
Malaysia	ASIA (EX. NEAR EAST)	26-100 books	Male	432.9275383078731
Malaysia	ASIA (EX. NEAR EAST)	101-200 books	Male	440.4726503184713
Malaysia	ASIA (EX. NEAR EAST)	More than 500 books	Female	441.4140206185567
Malaysia	ASIA (EX. NEAR EAST)	26-100 books	Female	434.73188234106965
Malaysia	ASIA (EX. NEAR EAST)	101-200 books	Female	445.558095194508
Malaysia	ASIA (EX. NEAR EAST)	More than 500 books	Male	435.98908372093024
Malaysia	ASIA (EX. NEAR EAST)	0-10 books	Female	391.7941923076923
Malaysia	ASIA (EX. NEAR EAST)	201-500 books	Male	468.384385625
Malaysia	ASIA (EX. NEAR EAST)	11-25 books	Female	407.69168218562874
Malaysia	ASIA (EX. NEAR EAST)	11-25 books	Male	398.4202369532428
Malaysia	ASIA (EX. NEAR EAST)	0-10 books	Male	381.45876535211266
Malaysia	ASIA (EX. NEAR EAST)	201-500 books	Female	458.5850842105263
Mexico	LATIN AMER. & CARIB	0-10 books	Female	400.234506401249
Mexico	LATIN AMER. & CARIB	201-500 books	Male	471.8564512893983
Mexico	LATIN AMER. & CARIB	0-10 books	Male	413.9159230769231
Mexico	LATIN AMER. & CARIB	101-200 books	Female	438.85968196347034
Mexico	LATIN AMER. & CARIB	More than 500 books	Female	435.61190857142856
Mexico	LATIN AMER. & CARIB	11-25 books	Female	412.8493515907137
Mexico	LATIN AMER. & CARIB	11-25 books	Male	425.7952625413321
Mexico	LATIN AMER. & CARIB	More than 500 books	Male	457.2010233502538
Mexico	LATIN AMER. & CARIB	101-200 books	Male	460.02323761348896
Mexico	LATIN AMER. & CARIB	26-100 books	Female	431.13238184596577
Mexico	LATIN AMER. & CARIB	201-500 books	Female	451.26475687203794
Mexico	LATIN AMER. & CARIB	26-100 books	Male	448.4102402565016
Netherlands	WESTERN EUROPE	0-10 books	Male	473.0715796680498
Netherlands	WESTERN EUROPE	101-200 books	Female	533.103952631579
Netherlands	WESTERN EUROPE	More than 500 books	Female	580.2463575342466
Netherlands	WESTERN EUROPE	More than 500 books	Male	559.7827136986301
Netherlands	WESTERN EUROPE	26-100 books	Female	512.56282340764335
Netherlands	WESTERN EUROPE	0-10 books	Female	464.61572238372094
Netherlands	WESTERN EUROPE	11-25 books	Male	497.083197826087
Netherlands	WESTERN EUROPE	201-500 books	Female	567.5627113138686
Netherlands	WESTERN EUROPE	101-200 books	Male	546.7895636363636
Netherlands	WESTERN EUROPE	11-25 books	Female	485.6721265463918
Netherlands	WESTERN EUROPE	201-500 books	Male	576.9639748175183
Netherlands	WESTERN EUROPE	26-100 books	Male	540.3910700475436
New Zealand	OCEANIA	101-200 books	Male	533.3582428229665
New Zealand	OCEANIA	11-25 books	Female	463.915551056338
New Zealand	OCEANIA	101-200 books	Female	514.13605
New Zealand	OCEANIA	More than 500 books	Female	561.3332947916666
New Zealand	OCEANIA	0-10 books	Female	429.48641163793104
New Zealand	OCEANIA	0-10 books	Male	430.8542551724138
New Zealand	OCEANIA	201-500 books	Female	532.8512293785311
New Zealand	OCEANIA	201-500 books	Male	559.7736031339032
New Zealand	OCEANIA	26-100 books	Female	479.73814546925564
New Zealand	OCEANIA	11-25 books	Male	466.9645425531915
New Zealand	OCEANIA	More than 500 books	Male	562.840231547619
New Zealand	OCEANIA	26-100 books	Male	505.37563067292643
Norway	WESTERN EUROPE	More than 500 books	Male	528.4923433497537
Norway	WESTERN EUROPE	0-10 books	Male	432.828128959276
Norway	WESTERN EUROPE	201-500 books	Female	520.342011627907
Norway	WESTERN EUROPE	0-10 books	Female	432.3390284210526
Norway	WESTERN EUROPE	More than 500 books	Female	536.885591902834
Norway	WESTERN EUROPE	26-100 books	Male	483.94295431606906
Norway	WESTERN EUROPE	11-25 books	Male	454.82615714285714
Norway	WESTERN EUROPE	201-500 books	Male	539.9962029810298
Norway	WESTERN EUROPE	101-200 books	Male	512.7233440528635
Norway	WESTERN EUROPE	11-25 books	Female	437.70957284482756
Norway	WESTERN EUROPE	101-200 books	Female	501.18706405919664
Norway	WESTERN EUROPE	26-100 books	Female	473.63038958677686
Peru	LATIN AMER. & CARIB	11-25 books	Female	352.8419857959962
Peru	LATIN AMER. & CARIB	201-500 books	Female	420.7525408450704
Peru	LATIN AMER. & CARIB	26-100 books	Female	384.92923956834534
Peru	LATIN AMER. & CARIB	0-10 books	Female	330.8338628230616
Peru	LATIN AMER. & CARIB	0-10 books	Male	349.2972851554664
Peru	LATIN AMER. & CARIB	201-500 books	Male	468.5670381818182
Peru	LATIN AMER. & CARIB	101-200 books	Male	433.4856231213873
Peru	LATIN AMER. & CARIB	11-25 books	Male	372.99859806866954
Peru	LATIN AMER. & CARIB	More than 500 books	Female	361.8796131578947
Peru	LATIN AMER. & CARIB	More than 500 books	Male	392.8080076923077
Peru	LATIN AMER. & CARIB	26-100 books	Male	412.08836898638424
Peru	LATIN AMER. & CARIB	101-200 books	Female	416.8813162436548
Poland	EASTERN EUROPE	11-25 books	Female	476.6503179245283
Poland	EASTERN EUROPE	201-500 books	Male	579.0176975
Poland	EASTERN EUROPE	11-25 books	Male	490.5800875273523
Poland	EASTERN EUROPE	0-10 books	Female	451.1742783919598
Poland	EASTERN EUROPE	0-10 books	Male	468.73912777777775
Poland	EASTERN EUROPE	101-200 books	Female	537.3213050772627
Poland	EASTERN EUROPE	201-500 books	Female	574.428056902357
Poland	EASTERN EUROPE	101-200 books	Male	552.1289917888563
Poland	EASTERN EUROPE	More than 500 books	Female	590.0804363157895
Poland	EASTERN EUROPE	More than 500 books	Male	574.8645994117647
Poland	EASTERN EUROPE	26-100 books	Female	511.23002618453864
Poland	EASTERN EUROPE	26-100 books	Male	519.4336402017291
Portugal	WESTERN EUROPE	11-25 books	Male	466.64495407801417
Portugal	WESTERN EUROPE	201-500 books	Female	538.4889676156583
Portugal	WESTERN EUROPE	26-100 books	Female	488.19992674556215
Portugal	WESTERN EUROPE	26-100 books	Male	506.0760613207547
Portugal	WESTERN EUROPE	More than 500 books	Female	551.6039864
Portugal	WESTERN EUROPE	More than 500 books	Male	549.1413119402985
Portugal	WESTERN EUROPE	0-10 books	Female	429.0334226487524
Portugal	WESTERN EUROPE	0-10 books	Male	436.1742914149444
Portugal	WESTERN EUROPE	11-25 books	Female	450.70266886035313
Portugal	WESTERN EUROPE	101-200 books	Male	536.0295128065395
Portugal	WESTERN EUROPE	201-500 books	Male	561.1343654618474
Portugal	WESTERN EUROPE	101-200 books	Female	510.5140400966184
Qatar	NEAR EAST	26-100 books	Female	399.6746353928299
Qatar	NEAR EAST	More than 500 books	Female	377.79116844660194
Qatar	NEAR EAST	101-200 books	Male	394.2127789548023
Qatar	NEAR EAST	0-10 books	Female	354.3570087466186
Qatar	NEAR EAST	0-10 books	Male	338.6765379067722
Qatar	NEAR EAST	More than 500 books	Male	354.80495368171023
Qatar	NEAR EAST	201-500 books	Male	421.1485528205128
Qatar	NEAR EAST	11-25 books	Female	375.4150676068376
Qatar	NEAR EAST	11-25 books	Male	365.92989130434785
Qatar	NEAR EAST	101-200 books	Female	404.93021900510206
Qatar	NEAR EAST	201-500 books	Female	417.3142914893617
Qatar	NEAR EAST	26-100 books	Male	395.53625458333335
Romania	EASTERN EUROPE	26-100 books	Female	455.7022242467719
Romania	EASTERN EUROPE	26-100 books	Male	457.5434025
Romania	EASTERN EUROPE	0-10 books	Female	405.28300846456693
Romania	EASTERN EUROPE	More than 500 books	Male	515.0579123595505
Romania	EASTERN EUROPE	0-10 books	Male	410.53554686971233
Romania	EASTERN EUROPE	101-200 books	Female	482.85334516129035
Romania	EASTERN EUROPE	More than 500 books	Female	479.9901908450704
Romania	EASTERN EUROPE	11-25 books	Female	417.96786995305166
Romania	EASTERN EUROPE	11-25 books	Male	428.98269725609754
Romania	EASTERN EUROPE	201-500 books	Female	501.4888039823009
Romania	EASTERN EUROPE	101-200 books	Male	481.1828703947368
Romania	EASTERN EUROPE	201-500 books	Male	509.8072979591837
Serbia	EASTERN EUROPE	More than 500 books	Male	500.97397403846156
Serbia	EASTERN EUROPE	101-200 books	Male	501.38111037344396
Serbia	EASTERN EUROPE	0-10 books	Female	397.56635227765724
Serbia	EASTERN EUROPE	0-10 books	Male	414.39925122349104
Serbia	EASTERN EUROPE	101-200 books	Female	469.10207822878226
Serbia	EASTERN EUROPE	201-500 books	Male	524.0769583333333
Serbia	EASTERN EUROPE	11-25 books	Female	419.24486387959865
Serbia	EASTERN EUROPE	11-25 books	Male	432.82304953445066
Serbia	EASTERN EUROPE	201-500 books	Female	501.71763067484665
Serbia	EASTERN EUROPE	26-100 books	Female	463.2042759615385
Serbia	EASTERN EUROPE	26-100 books	Male	472.985670096463
Serbia	EASTERN EUROPE	More than 500 books	Female	477.8752725490196
Singapore	ASIA (EX. NEAR EAST)	0-10 books	Female	512.8346126153846
Singapore	ASIA (EX. NEAR EAST)	101-200 books	Male	594.4886036057692
Singapore	ASIA (EX. NEAR EAST)	More than 500 books	Male	612.8961572463768
Singapore	ASIA (EX. NEAR EAST)	0-10 books	Male	513.3583318537859
Singapore	ASIA (EX. NEAR EAST)	101-200 books	Female	597.1243170426065
Singapore	ASIA (EX. NEAR EAST)	201-500 books	Male	626.8208250803858
Singapore	ASIA (EX. NEAR EAST)	11-25 books	Female	531.873710564663
Singapore	ASIA (EX. NEAR EAST)	11-25 books	Male	531.0468113345521
Singapore	ASIA (EX. NEAR EAST)	201-500 books	Female	622.1309228228229
Singapore	ASIA (EX. NEAR EAST)	26-100 books	Female	579.053456
Singapore	ASIA (EX. NEAR EAST)	26-100 books	Male	569.691236196319
Singapore	ASIA (EX. NEAR EAST)	More than 500 books	Female	620.3003045045045
Slovenia	EASTERN EUROPE	0-10 books	Male	436.4232603975535
Slovenia	EASTERN EUROPE	0-10 books	Female	422.95425207756233
Slovenia	EASTERN EUROPE	11-25 books	Male	468.97264549356225
Slovenia	EASTERN EUROPE	101-200 books	Female	507.0970579326923
Slovenia	EASTERN EUROPE	101-200 books	Male	519.7052450121654
Slovenia	EASTERN EUROPE	11-25 books	Female	455.4400824620573
Slovenia	EASTERN EUROPE	26-100 books	Male	500.7196364271457
Slovenia	EASTERN EUROPE	201-500 books	Female	545.36582
Slovenia	EASTERN EUROPE	201-500 books	Male	546.1256214953271
Slovenia	EASTERN EUROPE	26-100 books	Female	493.45892104712044
Slovenia	EASTERN EUROPE	More than 500 books	Female	536.6037571428571
Slovenia	EASTERN EUROPE	More than 500 books	Male	514.9257357615894
Spain	WESTERN EUROPE	101-200 books	Female	505.53986397887326
Spain	WESTERN EUROPE	0-10 books	Female	403.23931200980394
Spain	WESTERN EUROPE	0-10 books	Male	416.49755400540056
Spain	WESTERN EUROPE	201-500 books	Female	527.7426526093088
Spain	WESTERN EUROPE	101-200 books	Male	524.6508897631473
Spain	WESTERN EUROPE	11-25 books	Female	436.34951526717555
Spain	WESTERN EUROPE	11-25 books	Male	457.59633573155986
Spain	WESTERN EUROPE	More than 500 books	Female	533.4985604545454
Spain	WESTERN EUROPE	201-500 books	Male	549.5468964107677
Spain	WESTERN EUROPE	26-100 books	Female	479.51620902527077
Spain	WESTERN EUROPE	26-100 books	Male	497.6877502034174
Spain	WESTERN EUROPE	More than 500 books	Male	542.60613993007
Sweden	WESTERN EUROPE	101-200 books	Male	502.118500678733
Sweden	WESTERN EUROPE	0-10 books	Female	407.6282708994709
Sweden	WESTERN EUROPE	0-10 books	Male	422.3680038194444
Sweden	WESTERN EUROPE	101-200 books	Female	496.5779770212766
Sweden	WESTERN EUROPE	201-500 books	Female	514.4730749419954
Sweden	WESTERN EUROPE	201-500 books	Male	539.0811603988604
Sweden	WESTERN EUROPE	11-25 books	Female	435.63428825622776
Sweden	WESTERN EUROPE	11-25 books	Male	436.3296470967742
Sweden	WESTERN EUROPE	More than 500 books	Female	539.419043678161
Sweden	WESTERN EUROPE	More than 500 books	Male	509.82370782122905
Sweden	WESTERN EUROPE	26-100 books	Female	467.28008618705036
Sweden	WESTERN EUROPE	26-100 books	Male	478.55789336219334
Switzerland	WESTERN EUROPE	11-25 books	Female	480.6340878306878
Switzerland	WESTERN EUROPE	11-25 books	Male	499.5842789417989
Switzerland	WESTERN EUROPE	0-10 books	Female	448.7810932885906
Switzerland	WESTERN EUROPE	0-10 books	Male	470.0938014910537
Switzerland	WESTERN EUROPE	101-200 books	Female	537.9388481915934
Switzerland	WESTERN EUROPE	101-200 books	Male	555.4725330264672
Switzerland	WESTERN EUROPE	26-100 books	Male	536.1230748771499
Switzerland	WESTERN EUROPE	201-500 books	Female	566.7931342969777
Switzerland	WESTERN EUROPE	201-500 books	Male	574.4021682539683
Switzerland	WESTERN EUROPE	26-100 books	Female	518.0135818181818
Switzerland	WESTERN EUROPE	More than 500 books	Female	561.8251125748503
Switzerland	WESTERN EUROPE	More than 500 books	Male	562.3577655612245
Thailand	ASIA (EX. NEAR EAST)	201-500 books	Female	526.2275164444444
Thailand	ASIA (EX. NEAR EAST)	0-10 books	Female	412.75293425655974
Thailand	ASIA (EX. NEAR EAST)	0-10 books	Male	397.74571222910214
Thailand	ASIA (EX. NEAR EAST)	101-200 books	Female	487.34454858611826
Thailand	ASIA (EX. NEAR EAST)	101-200 books	Male	470.44149958847737
Thailand	ASIA (EX. NEAR EAST)	11-25 books	Female	424.8589935483871
Thailand	ASIA (EX. NEAR EAST)	11-25 books	Male	416.4342984143763
Thailand	ASIA (EX. NEAR EAST)	More than 500 books	Female	523.6086554216868
Thailand	ASIA (EX. NEAR EAST)	201-500 books	Male	536.1187128
Thailand	ASIA (EX. NEAR EAST)	26-100 books	Female	456.8988798652064
Thailand	ASIA (EX. NEAR EAST)	26-100 books	Male	447.9934484848485
Thailand	ASIA (EX. NEAR EAST)	More than 500 books	Male	501.7634651685393
Tunisia	NORTHERN AFRICA	201-500 books	Male	425.69950606060604
Tunisia	NORTHERN AFRICA	0-10 books	Female	364.2284652760736
Tunisia	NORTHERN AFRICA	0-10 books	Male	386.4869205955335
Tunisia	NORTHERN AFRICA	101-200 books	Female	425.1743398305085
Tunisia	NORTHERN AFRICA	101-200 books	Male	428.8017726190476
Tunisia	NORTHERN AFRICA	11-25 books	Female	377.5338160434258
Tunisia	NORTHERN AFRICA	11-25 books	Male	397.88712441471574
Tunisia	NORTHERN AFRICA	201-500 books	Female	447.721615
Tunisia	NORTHERN AFRICA	More than 500 books	Female	393.5700103448276
Tunisia	NORTHERN AFRICA	More than 500 books	Male	427.37185999999997
Tunisia	NORTHERN AFRICA	26-100 books	Female	408.8898990950226
Tunisia	NORTHERN AFRICA	26-100 books	Male	415.6848952238806
Turkey	NEAR EAST	26-100 books	Female	462.2205866666667
Turkey	NEAR EAST	26-100 books	Male	486.9558327118644
Turkey	NEAR EAST	0-10 books	Female	398.2779984070796
Turkey	NEAR EAST	0-10 books	Male	412.21845591836734
Turkey	NEAR EAST	101-200 books	Female	478.18012032520323
Turkey	NEAR EAST	101-200 books	Male	508.621775
Turkey	NEAR EAST	11-25 books	Female	423.4504394984326
Turkey	NEAR EAST	11-25 books	Male	442.78951201780416
Turkey	NEAR EAST	201-500 books	Female	504.2939940789474
Turkey	NEAR EAST	201-500 books	Male	536.31946
Turkey	NEAR EAST	More than 500 books	Female	516.9076987012987
Turkey	NEAR EAST	More than 500 books	Male	508.56732394366196
United Arab Emirates	NEAR EAST	More than 500 books	Female	446.8195287769784
United Arab Emirates	NEAR EAST	0-10 books	Female	398.3303042962963
United Arab Emirates	NEAR EAST	0-10 books	Male	389.58478173076924
United Arab Emirates	NEAR EAST	101-200 books	Female	460.3870825974026
United Arab Emirates	NEAR EAST	101-200 books	Male	464.51044312865497
United Arab Emirates	NEAR EAST	11-25 books	Female	421.91101053036124
United Arab Emirates	NEAR EAST	11-25 books	Male	415.8605016819572
United Arab Emirates	NEAR EAST	201-500 books	Female	481.4476228813559
United Arab Emirates	NEAR EAST	201-500 books	Male	483.8664730496454
United Arab Emirates	NEAR EAST	26-100 books	Female	449.42995947503204
United Arab Emirates	NEAR EAST	26-100 books	Male	446.59557576530614
United Arab Emirates	NEAR EAST	More than 500 books	Male	420.6114695266272
United Kingdom	WESTERN EUROPE	More than 500 books	Male	554.2595523227384
United Kingdom	WESTERN EUROPE	0-10 books	Female	416.8803514917127
United Kingdom	WESTERN EUROPE	0-10 books	Male	435.44406923076923
United Kingdom	WESTERN EUROPE	101-200 books	Female	511.0855655963303
United Kingdom	WESTERN EUROPE	101-200 books	Male	526.0182872277228
United Kingdom	WESTERN EUROPE	11-25 books	Female	447.9337422035481
United Kingdom	WESTERN EUROPE	11-25 books	Male	466.1656976190476
United Kingdom	WESTERN EUROPE	201-500 books	Female	543.2163230853391
United Kingdom	WESTERN EUROPE	201-500 books	Male	553.3198302176696
United Kingdom	WESTERN EUROPE	26-100 books	Female	478.1153726357023
United Kingdom	WESTERN EUROPE	26-100 books	Male	500.3324719551282
United Kingdom	WESTERN EUROPE	More than 500 books	Female	550.2273853881278
Uruguay	LATIN AMER. & CARIB	0-10 books	Female	378.36200386847196
Uruguay	LATIN AMER. & CARIB	0-10 books	Male	389.47403325892856
Uruguay	LATIN AMER. & CARIB	101-200 books	Female	450.3469805194805
Uruguay	LATIN AMER. & CARIB	101-200 books	Male	483.77860395480224
Uruguay	LATIN AMER. & CARIB	11-25 books	Female	400.1760244548287
Uruguay	LATIN AMER. & CARIB	11-25 books	Male	414.45324316309717
Uruguay	LATIN AMER. & CARIB	201-500 books	Female	469.10120442477876
Uruguay	LATIN AMER. & CARIB	201-500 books	Male	497.1150589473684
Uruguay	LATIN AMER. & CARIB	26-100 books	Female	427.5991049459042
Uruguay	LATIN AMER. & CARIB	26-100 books	Male	448.4565666666667
Uruguay	LATIN AMER. & CARIB	More than 500 books	Female	496.250346031746
Uruguay	LATIN AMER. & CARIB	More than 500 books	Male	469.52866363636366
Vietnam	ASIA (EX. NEAR EAST)	0-10 books	Female	500.24343262599467
Vietnam	ASIA (EX. NEAR EAST)	0-10 books	Male	512.876466088632
Vietnam	ASIA (EX. NEAR EAST)	101-200 books	Female	524.0435751152073
Vietnam	ASIA (EX. NEAR EAST)	101-200 books	Male	537.7956451807229
Vietnam	ASIA (EX. NEAR EAST)	11-25 books	Female	499.8531125356125
Vietnam	ASIA (EX. NEAR EAST)	11-25 books	Male	500.7620717598909
Vietnam	ASIA (EX. NEAR EAST)	201-500 books	Female	540.9684485294117
Vietnam	ASIA (EX. NEAR EAST)	201-500 books	Male	560.3056103448275
Vietnam	ASIA (EX. NEAR EAST)	26-100 books	Female	512.2776015186915
Vietnam	ASIA (EX. NEAR EAST)	26-100 books	Male	524.1426953807741
Vietnam	ASIA (EX. NEAR EAST)	More than 500 books	Female	512.8639619047619
Vietnam	ASIA (EX. NEAR EAST)	More than 500 books	Male	531.6149409090909
